1,Sept-Deniers,1
1,Ponts Jumeaux,1
1,Canal de Brienne,2
1,Soleil d'Or,2
1,Barcelone Leclerc,3
1,Cité Madrid,3
1,Leclerc,4
1,Fourmi,4
1,Compans-Caffarelli,5
1,Ponts Jumeaux,5
1,A. Bernard,6
1,Canal de Brienne,6
1,Barcelone Leclerc,7
1,Concorde,7
1,Jeanne d'Arc,8
1,Leclerc,8
1,Jean Jaurès,9
1,Compans-Caffarelli,9
1,A. Bernard,10
1,St-Georges,10
1,Concorde,11
1,François Verdier,11
1,Place Dupuy,12
1,Jeanne d'Arc,12
1,Jean Jaurès,13
1,Port St-Etienne,13
1,Aqueduc,14
1,St-Georges,14
1,François Verdier,15
1,Pérignon,15
1,Place Dupuy,16
1,Tilleuls,16
1,Port St-Etienne,17
1,Deltour,17
1,Achiary,18
1,Aqueduc,18
1,Pérignon,19
1,Mascard,19
1,Aubisque,20
1,Tilleuls,20
1,Deltour,21
1,Cité de L'Hers,21
1,Achiary,22
1,Collège JP Vernant,22
1,Mascard,23
1,Gymnase de L'Hers,23
1,Aubisque,24
1,Cité de L'Hers,25
1,Collège JP Vernant,26
1,Gymnase de L'Hers,27
2,Arènes,1
2,Négogousses,2
2,Brombach,3
2,Casteret,4
2,Lemire,5
2,Grande-Bretagne,6
2,Casselardit,7
2,Chardonnet,8
2,Hôpital Purpan,9
2,Ctre Cial Purpan Sud,10
2,Flambère,11
2,Bisson,12
2,Bertier,13
2,Bouriette,14
2,Jardinerie,15
2,Fournier Airbus,16
2,Terce Airbus,17
2,Jean Petit,18
2,Max Fischl,19
2,Caulet,20
2,Oratoire,21
2,Naurouze,22
2,Bascule - Seycheron,23
2,Médiathèque Pavillon Blanc,24
2,Colomiers Gare SNCF,25
2,Gers,26
2,Salle Gascogne,27
2,Val D'Aran,28
2,14ème Rgt d'Infanterie,29
2,Champagne,30
2,Stade Bendichou,31
2,Morbihan,32
2,Monturon,33
2,Colomiers Lycée International,34
10,Cours Dillon,1
10,Pont Neuf,2
10,Esquirol,3
10,Boulbonne,4
10,François Verdier,5
10,Quartier Général,6
10,Grand Rond,7
10,Jardin des Plantes,8
10,Frizac,9
10,Demouilles,10
10,Crampel,11
10,Trois Fours,12
10,Dufour,13
10,Courrège,14
10,Cottages,15
10,Jean-Paul Laurens,16
10,Six Avril,17
10,Tahiti,18
10,Clinique Languedoc,19
10,Bajac,20
10,Lafaurie,21
10,Montaudran,22
10,Route de Revel,23
10,Malepère,24
11,Empalot,1
11,Récollets Daste,2
11,Stadium Est,3
11,Stadium Ouest,4
11,Croix de Pierre,5
11,Roc,6
11,Barrière de Muret,7
11,Penent,8
11,Gallieni,9
11,Langlade,10
11,Rond-Point Langlade,11
11,Gironis,12
11,Marchant,13
11,Hubert Curien,14
11,Maison Commune,15
11,Oncopole,16
11,IUC,17
11,Route d'Espagne,18
11,Eisenhower,19
11,René Valmy,20
11,Ourliac,21
11,Desnos,22
11,Place Bouillière,23
11,Basso Cambo,24
12,Basso Cambo,1
12,Place Bouillière,2
12,Pergaud,3
12,Camus,4
12,René Valmy,5
12,Eisenhower,6
12,Rimont,7
12,Cheverry,8
12,Place des Glières,9
12,Cité des Combattants,10
12,Bordelongue,11
12,Touraine,12
12,Bernadette,13
12,Orbesson,14
12,Barrière de Muret,15
12,Roc,16
12,Croix de Pierre,17
12,Stadium Ouest,18
12,Stadium Est,19
12,Récollets Daste,20
12,St-Michel - Marcel Langer,21
12,Notre Dame,22
12,Ste-Catherine,23
12,Palais de Justice,24
12,Salin-Parlement,25
12,Carmes,26
12,Esquirol,27
12,Pont Neuf,28
12,Cours Dillon,29
13,St Cyprien - République,1
13,Teinturiers,2
13,Fer à Cheval,3
13,Delpy,4
13,Rodin,5
13,Valats,6
13,Déodat de Séverac,7
13,Gamelin,8
13,Fontaine Lestang,9
13,Mont Dore,10
13,Tellier,11
13,St-Gaudens,12
13,Ronsard,13
13,Cher,14
13,Place du Morvan,15
13,Bagatelle,16
13,Guyenne,17
13,Ile de France,18
13,Bigorre,19
13,Ch. Papus,20
13,Landes,21
13,Bordelongue,22
13,Ch. des Martyrs,23
13,Courtois de Viçose,24
13,Rond-Point Langlade,25
13,Gironis,26
13,Marchant,27
13,Hubert Curien,28
13,Maison Commune,29
13,Oncopole,30
14,Basso Cambo,1
14,Place Bouillière,2
14,Bellefontaine,3
14,Le Lac Reynerie,4
14,Cité du Parc,5
14,Kiev,6
14,Babinet,7
14,Mirail-Université,8
14,Douanes,9
14,Ecole Espagnole,10
14,Ecole D'Architecture,11
14,Cité Scolaire Rive Gauche,12
14,Cépière Rocade,13
14,Collège George Sand,14
14,Corneille,15
14,Rue du 14 juillet,16
14,Arènes,17
14,Barrière de Lombez,19
14,Patte d'Oie,20
14,Roguet,21
14,St Cyprien - République,22
14,Teinturiers,23
14,Fer à Cheval,24
14,Magné,25
14,Cours Dillon,26
14,Pont Neuf,27
14,Esquirol,28
14,Boulbonne,29
14,François Verdier,30
14,St-Georges,31
14,Jean Jaurès,32
14,Bachelier,33
14,Riquet,34
14,Marengo-SNCF,35
15,Jeanne d'Arc,1
15,Concorde,2
15,A. Bernard,3
15,Pont des Minimes,4
15,Canal du Midi,5
15,Passerelle Haedens,6
15,Gounod,7
15,Tricou,8
15,Matisse,9
15,Pescadoure,10
15,Grand Verger,11
15,J. B Dumas,12
15,Silvio Trentin,13
15,Barrière de Paris,14
15,Charlas,15
15,Jules Ferry,16
15,Bastiat,17
15,Dulong,18
15,Halles du Sud-Ouest,19
15,Etats-Unis Fondeyre,20
15,Glacière,21
15,Etats-Unis Fondeyre,22
18,Basso Cambo,1
18,Mesplé,2
18,Ateliers Métro,3
18,Gélis,4
18,Magre,5
18,Fleming,6
18,Météo,7
18,Fleming,8
18,Odeillo,9
18,Bordeblanche,10
18,Pradettes,11
18,Passerieu,12
18,Ecole D'Architecture,13
18,Cité Scolaire Rive Gauche,14
19,Borderouge,1
19,Monloup,2
19,Lanusse,3
19,Pujibet,4
19,Petit Castelet,5
19,Cabarette,6
19,Colonel Rémy,7
19,Avranches,8
19,Nicol,9
19,Cité Amouroux,10
19,Hyères,11
19,Eglise St-André,12
19,Michoun,13
19,Place Bet,14
19,Doumergue,15
19,Roseraie,16
19,Guillaumet,17
19,Dinetard,18
19,Soupetard,19
19,Surcouf,20
19,Solidarité,21
19,Soumet,22
19,Plana,23
19,Navarre,24
19,Château de l'Hers,25
19,Fontanelles,26
19,Carcassonne,27
19,Rougenet,28
19,Iliade,29
19,Ivoire,30
19,Place de l'Indépendance,31
20,Balma-Gramont,1
20,ZI Montredon,2
20,Giratoire Truffaut,3
20,Le Chapitre,4
20,Mireille,5
20,Mont Pin,6
20,Vignobles,7
20,Belle Fontaine,8
20,Pastel,9
20,Logis Vieux,10
20,Gare SNCF Montrabé,11
20,La Rivière,12
20,Montrabé Stade,13
20,Mistral,14
20,Borde Haute,15
20,Collège Montrabé,16
20,Bel Souleil,17
20,Bel Souleil,18
20,Beaupuy Mairie,18
20,Beaupuy Mairie,19
21,Basso Cambo,1
21,Mesplé,2
21,Mounède,3
21,Vandel,4
21,Phidias,5
21,Grynfogel,6
21,St-Exupéry,7
21,Ctre Cial Tournefeuille,8
21,Alphonse Daudet,9
21,Montjoie,10
21,Les Chênes,11
21,Montel,12
21,Languedoc,13
21,Mitterrand,14
21,Gymnase,15
21,Rouergue,16
21,Ile de France,17
21,Camargue,18
21,Touraine,19
21,Pagnol,20
21,Picasso,21
21,Longchamp,22
21,Larzac,23
21,Estérel,24
21,Cabirol,25
21,Tuileries,26
21,Colomiers Gare SNCF,27
21,Médiathèque Pavillon Blanc,28
21,Cantal,29
21,Aubrac,30
21,Pelvoux,31
21,Oratoire,32
21,Serres,33
21,Colomiers Airbus,34
22,Marengo-SNCF,1
22,Riquet,2
22,Bachelier,3
22,Jean Jaurès,4
22,St-Georges,5
22,François Verdier,6
22,Place Dupuy,7
22,Périssé,8
22,Lanfant,9
22,Belle Paule,10
22,Leygue,11
22,Beau Soleil,12
22,Barrau,13
22,Glaïeuls,14
22,Langevin,15
22,Gers,16
22,Lartet,17
22,Aude,18
22,Corraze,19
22,Garin,20
22,Tahiti,21
22,Portillon,22
22,Bréguet,23
22,Lavidalie,24
22,Gonin,25
23,Jeanne d'Arc,1
23,Jean Jaurès,2
23,Bachelier,3
23,Riquet,4
23,Colombette,5
23,Providence,6
23,Savignac,7
23,Assalit,8
23,Monié,9
23,Crêtes,10
23,Coquille,11
23,Jean Chaubet,12
23,Achiary,13
23,Av. Raymond Naves,14
23,Lafilaire,15
23,Limayrac,16
23,Balansa,17
23,Jacinthes,18
23,Baroux,19
23,Firmis,20
23,Pugens,21
23,Mont Ventoux,22
23,Allègre,23
23,Ledormeur,24
23,Sicard Alaman,25
23,Capdenier,26
23,Parc de Montaudran,27
23,Lécrivain,28
23,Armentières,29
23,Gonin,30
23,Montaudran Gare SNCF,31
23,Latécoère,32
23,Aérodrome,33
23,Herbettes,34
23,INSA,35
23,Rangueil,36
24,Gare routière,1
24,Jean Jaurès,2
24,Jeanne d'Arc,3
24,Compans-Caffarelli,4
24,Pont du Béarnais,5
24,Aéroport,6
26,Borderouge,1
26,Vignes,2
26,Fénelon,3
26,Grand Selve,4
26,Froideterre,5
26,Boudou,6
26,Les Sables,7
26,Ecole Sablettes,8
26,Sablettes,9
26,Ch. d'Encourse,10
26,Faïence,11
26,Porte de Virebent,12
26,Lumière,13
26,Condorcet,14
26,Carnot,15
26,Las Clotos,16
26,Moulis,17
26,Launaguet Nobles,18
27,Lycée Toulouse-Lautrec,1
27,Puget,2
27,Fauvettes,3
27,Eylau,4
27,Guynemer,5
27,Negreneys Canal,6
27,Passerelle,7
27,Raisin,8
27,Bd des Minimes,9
27,Pont Matabiau,10
27,Matabiau Gare SNCF,11
27,Riquet,12
27,Colombette,13
27,Guilhemery,14
27,Seel,15
27,Passerelle St-Sauveur,16
27,Archives Départementales,17
27,Trois Fours,18
27,Bouloc,19
27,Fages,20
27,Place de Lespinet,21
27,Fontainebleau,22
27,Lespinet Struxiano,23
27,Herbettes,24
27,Aérodrome,25
27,Latécoère,26
27,CREPS  ONERA,27
27,ISAE Campus SUPAERO,28
27,ENAC,29
27,LAAS,30
27,Giordano Bruno,31
27,Sports Universitaires,32
27,Naturopole,33
27,Ramonville,34
28,Cours Dillon,1
28,Pont Neuf,2
28,Brunière,3
28,Salin-Parlement,4
28,Féral,5
28,Carmes,6
28,Trois Banquets,7
28,Jean Jaurès,8
28,Bellegarde,9
28,Rémusat,10
28,St Sernin,11
28,Embarthe,11
28,Arsenal,12
28,Embarthe,12
28,Quai St Pierre,13
28,Arsenal,13
28,Quai St Pierre,14
28,Gambetta,14
28,Gambetta,15
28,Quai de la Daurade,15
28,Quai de la Daurade,16
28,Cours Dillon,16
28,Cours Dillon,17
29,Grand Rond,1
29,François Verdier,2
29,St-Georges,3
29,Jean Jaurès,4
29,Jeanne d'Arc,5
29,Concorde,6
29,A. Bernard,7
29,Pont des Minimes,8
29,Eglise Minimes,9
29,Minimes - Claude Nougaro,10
29,Baqué,11
29,Barrière de Paris,12
29,Charlas,13
29,Jules Ferry,14
29,Bastiat,15
29,Dulong,16
29,Pader,17
29,Pont de la Vache,18
29,Collège Lalande,19
29,Riché Lalande,20
29,Lapin,21
29,Roubiéchou,22
29,Lapparou,23
29,Gaussen,24
29,Salvy,25
29,Eglise Aucamville,26
29,Mairie Aucamville,27
29,Favasse,28
29,Payen,29
29,Aucamville Collège,30
31,Grand Rond,1
31,Jardin Royal,2
31,Palais de Justice,3
31,Ile du Ramier,4
31,Fer à Cheval,5
31,Teinturiers,6
31,St Cyprien - République,7
31,Les Abattoirs,8
31,Amidonniers,9
31,Héraclès,10
31,Leclerc,11
31,Compans-Caffarelli,12
33,Argoulets,1
33,Cambard,2
33,Vasseur,3
33,Ohnet,4
33,Caunes,5
33,Atlanta,6
33,St-Caprais,7
33,Bayonne,8
33,Lilas,9
33,Fontanelles,10
33,Violette,11
33,Azalées,12
33,Cornaudric,13
33,Victor Hugo,14
33,Bordettes,15
33,Mottes,16
33,Massebiau,17
33,St-Geniès,18
33,Frosines,19
33,Glycines,20
33,Marigny,21
33,Puntous,22
33,Pins,23
33,Bonnecarrère,24
33,Mimosas,25
33,Pechbonnieu Mairie,26
33,Collège Pechbonnieu,27
33,8 mai 1945,28
33,Moureau,29
33,Keller,30
33,Le Grand,31
33,Renery,32
33,Galaup,33
33,Labourdette,34
33,Maurys,35
33,Mairie Gratentour,36
33,Hespérides,37
33,Les Palanques,38
33,Bois,39
33,Le Parc,40
33,Bruguières Mairie,41
34,Université Paul Sabatier,1
34,Pont Ducuing,2
34,IUT,3
34,Caubère,4
34,Pouset,5
34,Jules Julien,6
34,Delmas,7
34,Av. de Rangueil,8
34,Saint Agne-SNCF,9
34,Récollets,10
34,Récollets Daste,11
34,Stadium Est,12
34,Stadium Ouest,13
34,Croix de Pierre,14
34,Lycée Déodat de Séverac,15
34,Déodat de Séverac,16
34,Arènes,17
36,Borderouge,1
36,Monloup,2
36,Lanusse,3
36,Ségla,4
36,Maourine,5
36,Louin,6
36,Rixens,7
36,Pl de l'Armée d'Afrique,8
36,Bonnefoy,9
36,Le Brix,10
36,Campardon,11
36,Roseraie,12
37,Jolimont,1
37,Chaumière,2
37,Heredia,3
37,Soupetard Salonique,4
37,Coquille,5
37,Jean Chaubet,6
37,Achiary,7
37,Av. Raymond Naves,8
37,Lafilaire,9
37,Limayrac,10
37,Balansa,11
37,Jacinthes,12
37,Baroux,13
37,Darasse,14
37,Bois de Limayrac,15
37,Julien,16
37,Cité de l'Espace,17
37,Couzinet,18
37,Moulinais,19
37,La Plaine,20
37,Marcel Dassault,21
37,Santos Dumont,22
37,Védrines,23
37,Rodier,24
37,Clément Ader,25
37,CNES- IAS,26
37,ENAC,27
37,LAAS,28
37,Giordano Bruno,29
37,Sports Universitaires,30
37,Naturopole,31
37,Ramonville,32
38,Cours Dillon,1
38,Empalot,1
38,Mouettes,2
38,Pont Neuf,2
38,Empalot Sud,3
38,Esquirol,3
38,Boulbonne,4
38,Daste,4
38,Platanes,5
38,François Verdier,5
38,Conseil Régional,6
38,St-Georges,6
38,Jean Jaurès,7
38,Chaussée,7
38,Victor Hugo,8
38,Garonnette,8
38,Jeanne d'Arc,9
38,Quai de Tounis,9
38,Pont Neuf,10
38,Place Roquelaine,10
38,Pont Matabiau,11
38,Esquirol,11
38,Boulbonne,12
38,Raynal,12
38,François Verdier,13
38,Arago,13
38,Eglise Bonnefoy,14
38,St-Georges,14
38,Jean Jaurès,15
38,Av. de Lavaur,15
38,Victor Hugo,16
38,Ste-Hélène,16
38,Jeanne d'Arc,17
38,Barrière de Croix-Daurade,17
38,Place Roquelaine,18
38,Ste-Augustine,18
38,Roubichou,19
38,Pont Matabiau,19
38,Amouroux,20
38,Raynal,20
38,Arago,21
38,Eglise Bonnefoy,22
38,Av. de Lavaur,23
38,Ste-Hélène,24
38,Barrière de Croix-Daurade,25
38,Ste-Augustine,26
38,Roubichou,27
38,Amouroux,28
39,Jeanne d'Arc,1
39,Place Roquelaine,2
39,Pont Matabiau,3
39,Raynal,4
39,Arago,5
39,Eglise Bonnefoy,6
39,Av. de Lavaur,7
39,Ste-Hélène,8
39,Barrière de Croix-Daurade,9
39,Cazals,10
39,Jaffary,11
39,Croix-Daurade,12
39,Lycée Raymond Naves,13
39,Luchet,14
39,Théodore de Banville,15
39,Atlanta,16
39,St-Caprais,17
39,Bayonne,18
39,Ctre Cial L'Union,19
39,L'Union Somport,20
39,Montcalm,21
39,Montcalm,22
39,L'Union Somport,23
40,Borderouge,1
40,Lycée Raymond Naves,2
40,Ch. de Borderouge,2
40,Ebelot,3
40,Luchet,3
40,Netwiller,4
40,Théodore de Banville,4
40,Atlanta,5
40,St-Caprais,6
40,Val d'Aran,7
40,Bidart,8
40,Ronceveaux,9
40,Biarritz,10
40,Montcalm,11
40,L'Union Somport,12
40,Ctre Cial L'Union,13
40,Hortensias,14
40,Cèdres,15
40,Côte de Cornaudric,16
40,Jasmin,17
40,Tourterelles,18
40,Geai,19
40,Pitchounelle,20
40,Agout,21
40,Séoune,22
40,Condor,23
40,L'Union Malbou,24
41,Borderouge,1
41,Jean Zay,2
41,Olympe de Gouges,3
41,Cerisiers,4
41,Chamois,5
41,Trois Cocus,6
41,Voivenel,7
41,Renan,8
41,Loubiague,9
41,Kahn Klein,10
41,De Pisan,11
41,Pradet,12
41,Lycée Toulouse-Lautrec,13
41,Amat Massot,14
41,Barrière de Paris,15
41,Brieux,16
41,Chaussas,17
42,Jeanne d'Arc,1
42,Place Roquelaine,2
42,Pont Matabiau,3
42,Raynal,4
42,Arago,5
42,Eglise Bonnefoy,6
42,Av. de Lavaur,7
42,Ste-Hélène,8
42,Barrière de Croix-Daurade,9
42,Cazals,10
42,Jaffary,11
42,Croix-Daurade,12
42,Lycée Raymond Naves,13
42,Luchet,14
42,Théodore de Banville,15
42,Atlanta,16
42,St-Caprais,17
42,Cerbère,18
42,La Palme,19
42,La Franqui,20
42,Orthez,21
42,St-Jean Pied de Port,22
42,Antibes,23
42,Mandelieu,24
42,Grasse,25
42,Menton,26
42,Bessayre,27
42,Açores,28
42,Renée Aspe,29
42,Flotis,30
42,Pasteur,31
42,Sausse,32
42,St-Jean Clinique de L'Union,33
43,Argoulets,1
43,Lycée Raymond Naves,1
43,Jeanne d'Arc,1
43,Luchet,2
43,Cambard,2
43,Place Roquelaine,2
43,Pont Matabiau,3
43,Théodore de Banville,3
43,Vasseur,3
43,Ohnet,4
43,Atlanta,4
43,Raynal,4
43,Caunes,5
43,Arago,5
43,St-Caprais,5
43,Bayonne,6
43,Atlanta,6
43,Eglise Bonnefoy,6
43,St-Caprais,7
43,Av. de Lavaur,7
43,Lilas,7
43,Bayonne,8
43,Mimosas,8
43,Ste-Hélène,8
43,Lilas,9
43,Barrière de Croix-Daurade,9
43,Roses,9
43,Mimosas,10
43,Cazals,10
43,Myosotis,10
43,Roses,11
43,Hortensias,11
43,Jaffary,11
43,Myosotis,12
43,Croix-Daurade,12
43,Ctre Cial L'Union,12
43,Hortensias,13
43,Lycée Raymond Naves,13
43,Grive,13
43,Ctre Cial L'Union,14
43,Luchet,14
43,Vents d'Autan,14
43,Grive,15
43,Monts du Forez,15
43,Théodore de Banville,15
43,Vents d'Autan,16
43,Piscine,16
43,Atlanta,16
43,Monts du Forez,17
43,Aspin,17
43,St-Caprais,17
43,Piscine,18
43,Vence,18
43,Bayonne,18
43,Vallauris,19
43,Aspin,19
43,Lilas,19
43,Vence,20
43,St-Tropez,20
43,Mimosas,20
43,Vallauris,21
43,Roses,21
43,Calicéo,21
43,Myosotis,22
43,St-Tropez,22
43,Ratalens,22
43,Hortensias,23
43,Calicéo,23
43,St-Jean Clinique de L'Union,23
43,Ratalens,24
43,Ctre Cial L'Union,24
43,Grive,25
43,Sausse,25
43,St-Jean Clinique de L'Union,25
43,Pasteur,26
43,Vents d'Autan,26
43,Flotis,27
43,Monts du Forez,27
43,Renée Aspe,28
43,Piscine,28
43,Açores,29
43,Aspin,29
43,Vence,30
43,Bessayre,30
43,Belbèze,31
43,Vallauris,31
43,St-Tropez,32
43,Fauré,32
43,Calicéo,33
43,Collège St-Jean,33
43,St-Jean F. Mitterrand,34
43,Collège St-Jean,34
43,Ratalens,34
43,St-Jean Clinique de L'Union,35
44,Cours Dillon,1
44,Pont Neuf,2
44,Esquirol,3
44,Boulbonne,4
44,François Verdier,5
44,Quartier Général,6
44,Grand Rond,7
44,Jardin des Plantes,8
44,Duméril,9
44,Busca,10
44,Rachou,11
44,Place Henry Russell,12
44,Aristote,13
44,Provence,14
44,Saouzelong,15
44,Pastourelles,16
44,Ecole Jules Julien,17
44,Libellules,18
44,Dugay Trouin,19
44,Pélude,20
44,Faculté de Pharmacie,21
44,Fac Dentaire,22
44,Pont Ducuing,23
44,Université Paul Sabatier,24
45,Jeanne d'Arc,1
45,Concorde,2
45,A. Bernard,3
45,Compans-Caffarelli,4
45,Leclerc,5
45,Héraclès,6
45,Amidonniers,7
45,Les Abattoirs,8
45,St Cyprien - République,9
45,Roguet,10
45,Patte d'Oie,11
45,Barrière de Bayonne,12
45,Turenne,13
45,Cartoucherie,14
45,Charleville,15
45,Casselardit,16
45,Chardonnet,17
45,Hôpital Purpan,18
45,Pelletier Purpan,19
46,Arènes,1
46,Clinique Pasteur,2
46,Roquemaurel,3
46,Av. de Lombez,4
46,Hippodrome,5
46,Brombach,6
46,Pont Rocade,7
46,Teynier,8
46,Tissié,9
46,Centre Aéré,10
46,Eglise Lardenne,11
46,Catala,12
46,Lardenne,13
46,Poutier,14
46,Salinié,15
46,Ecole Police et Cadastre,16
46,Gare des Capelles,17
46,Ecole Vétérinaire,18
46,Capelles,19
46,Ecole Croix-Rouge,20
46,Flambère,21
46,Jaufré Rudel,22
46,Carlos Gardel,23
46,Ancely,24
46,Arènes Romaines,25
46,Ctre Cial Purpan Est,26
46,Pelletier Purpan,27
47,Basso Cambo,1
47,Mesplé,2
47,Mounède,3
47,De Croutte,4
47,Guilhermy,5
47,La Ramée,6
47,Tucaut,7
47,Bourdettes,8
47,Bachecame Petit Jean,9
47,Petit Barry,10
47,Lilas,11
47,Stade,12
47,Mairie Cugnaux,13
47,Cugnala,14
47,Pompidou,15
47,Ctre Cial Cugnaux,16
47,La Vimona,17
47,Méroc,18
47,Mairie Villeneuve Tolosane,19
47,Boulodrome,20
47,Jean Marais,21
47,Vanniers,22
47,Rossignolis,23
47,Collège,24
47,Bourrouil,25
47,Gatasses,26
47,Cimetière Villeneuve,27
47,Verdai,28
47,Pradié,29
47,Saguens,30
47,Palarin,31
47,Portet Gare SNCF,32
48,Basso Cambo,1
48,Mesplé,2
48,Mounède,3
48,De Croutte,4
48,Guilhermy,5
48,La Ramée,6
48,Tucaut,7
48,Ecarts,8
48,Canal,9
48,Bordenoire,10
48,La Ramée Sud,11
48,Passerive,12
48,Marquisat,13
48,Pasteur,14
48,Cèdres,15
48,Général Leclerc,16
48,Collège Labitrie,17
48,Bordeneuve,18
48,Petit Train,19
48,Tournefeuille Lycée,20
50,Basso Cambo,1
50,Place Bouillière,2
50,Desnos,3
50,Ourliac,4
50,René Valmy,5
50,Eisenhower,6
50,Perpignan,7
50,Thibaud,8
50,Larrieu,9
50,Clairfont,10
50,Frênes,11
50,Salengro,12
50,Claire Fontaine,13
50,Ecole Récébédou,14
50,Ctre Cial Portet - Entrée 5,15
50,Palanques,16
50,Ctre Cial Portet - Entrée 1,17
50,Bd de l'Europe,18
50,Stade,19
50,Occitanie,20
50,Commerce,21
50,Bosquets,22
50,Désiré,23
50,Poste de Portet,24
50,Mairie Portet,25
50,Ateliers Municipaux,26
50,Gauguin,27
50,Clémenceau,28
50,Lot. Impérial,29
50,Portet H. Boucher,30
50,Pyrénées,30
50,Pont Rocade,31
50,Colombier,32
50,Ecole Roques,33
50,Bois,34
50,Tilleuls,35
50,V. Auriol,36
50,Roques Acacias,37
52,Empalot,1
52,Récollets Daste,2
52,Stadium Est,3
52,Stadium Ouest,4
52,Croix de Pierre,5
52,Roc,6
52,Barrière de Muret,7
52,Penent,8
52,Gallieni,9
52,Langlade,10
52,Rond-Point Langlade,11
52,Gironis,12
52,Marchant,13
52,Hubert Curien,14
52,Maison Commune,15
52,Oncopole,16
52,IUC,17
52,Route d'Espagne,18
52,Larrieu,19
52,Clairfont,20
52,Frênes,21
52,Salengro,22
52,Claire Fontaine,23
52,Ecole Récébédou,24
52,Ctre Cial Portet - Entrée 5,25
52,Saliège,26
52,Boulodrome,27
52,Collège de Portet,28
52,Piscine,29
52,Occitanie,30
52,Commerce,31
52,Bosquets,32
52,Désiré,33
52,Poste de Portet,34
52,Mairie Portet,35
52,Ateliers Municipaux,36
52,Gauguin,37
52,Clémenceau,38
52,Lot. Impérial,39
52,Berdoulat,40
52,Portet H. Boucher,40
52,Pyrénées,40
52,Pont Rocade,41
52,Mairie Pinsaguel,41
52,Commune,42
52,Colombier,42
52,Cazaulon,43
52,Ecole Roques,43
52,Lachambre,44
52,Bois,44
52,Tilleuls,45
52,Pinsaguel Tilleuls,45
52,Malassang,46
52,V. Auriol,46
52,Roques Acacias,47
52,Môles,47
52,Passage à Niveau,48
52,V. Auriol,48
52,Bruyère,49
52,Tilleuls,49
52,Mairie Roques,50
52,Beaucru,50
52,Av. de Roquettes,51
52,Bois,51
52,Ecole Roques,52
52,Ecole Roquettes,52
52,Cimetière Roquettes,53
52,Colombier,53
52,Pont Rocade,54
52,Le Lac,54
52,Pyrénées,55
52,Echez,55
52,Berdoulat,56
52,Lèze,56
52,Château Sud,57
52,Mairie Pinsaguel,57
52,Commune,58
52,Roquettes Eglise,58
52,Cazaulon,59
52,Lachambre,60
52,Pinsaguel Tilleuls,61
53,Cité Scolaire Rive Gauche,1
53,Basso Cambo,1
53,Mesplé,2
53,Basso Cambo,2
53,Mesplé,3
53,Pépinière Basso Cambo,3
53,Talabot Nord,4
53,Pépinière Basso Cambo,4
53,Talabot Nord,5
53,Avionique,5
53,Avionique,6
53,Angély,6
53,Angély,7
53,Liffard,7
53,Liffard,8
53,Reguelongue,8
53,Licard,9
53,Reguelongue,9
53,Licard,10
53,Coin Fermé,10
53,Coin Fermé,11
53,Bayès,11
53,Bayès,12
53,Villenouvelle,12
53,Canto Laouzetto,13
53,Villenouvelle,13
53,Canto Laouzetto,14
53,Carovis,14
53,Carovis,15
53,Tibaous,15
53,Tibaous,16
54,Empalot,1
54,Lebas,2
54,Charbonnière,3
54,Herriot,4
54,Palmiers,5
54,Bon Voisin,6
54,Coteaux,7
54,Ponsan Bellevue,8
54,Ducuing Ponsan,9
54,Ducuing Ponsan,10
54,Ducuing,11
54,Université Paul Sabatier,12
54,Ducuing,13
54,Ducuing Ponsan,14
54,Bourdette,15
54,Larrey,16
54,Narrade,17
54,Pastel,18
54,Eglise Pouvourville,19
54,Pouvourville,20
54,Estérel,21
54,Aéropostale,22
54,Salas,23
54,Ecole Gleyze-Vieille,24
54,Gleyze-Vieille,25
56,Université Paul Sabatier,1
56,Clotasses,2
56,Parc St Agne,3
56,Lapeyrade,4
56,Poste de Ramonville,5
56,Mairie Ramonville,6
56,Pastourelles,7
56,Deux Ormeaux,8
56,Monument,9
56,Suisse,10
56,Château de Soule,11
56,Tourterelles,12
56,Coteaux,13
56,Mairie Auzeville,14
56,Prat,15
56,Mayrine,16
56,Auzeville Eglise,17
57,Basso Cambo,1
57,Mesplé,2
57,Mounède,3
57,De Croutte,4
57,Guilhermy,5
57,La Ramée,6
57,Tucaut,7
57,Bourdettes,8
57,Bachecame Petit Jean,9
57,Somme,10
57,Résistance,11
57,De Gaulle,12
57,Pré Vicinal,13
57,Vivier,14
57,Béarn,15
57,Rubens,16
57,Vieux Moulin,17
57,Bizet,18
57,Tamaris,19
57,Pyrénées,20
57,Roses,21
57,Espace Pagnol,22
57,Roussillon,23
57,Languedoc,24
57,Montségur,25
57,Surcouf,26
57,Le Parc,27
57,Croix,27
57,Berdeil,28
57,Méditerranée,28
57,Vierge,29
57,Bel Air,29
57,Maison de Retraite,30
57,Tennis Club Frouzins,31
57,Collège Picasso,32
57,Painlevé,33
57,F. Mitterrand,34
57,Frouzins JP Sabatier,35
58,Basso Cambo,1
58,Mesplé,2
58,Place Bouillière,2
58,Mounède,3
58,Desnos,3
58,De Croutte,4
58,Ourliac,4
58,Angély,5
58,René Valmy,5
58,Liffard,6
58,Eisenhower,6
58,Reguelongue,7
58,Roussimort,7
58,Licard,8
58,Vouet,8
58,Alcatel,9
58,Coin Fermé,9
58,Bayès,10
58,Candie,10
58,Rond-point de l'Espace,11
58,Villenouvelle,11
58,Canto Laouzetto,12
58,1er RTP,12
58,Base Aérienne,13
58,Carovis,13
58,Route de Portet,14
58,Tibaous,14
58,Goubard,15
58,Carovis,15
58,Lycée Matisse,16
58,1er RTP,16
58,Base Aérienne,17
58,La Vimona,17
58,Méroc,18
58,Route de Portet,18
58,Mairie Villeneuve Tolosane,19
58,Goubard,19
58,Lycée Matisse,20
58,Eglise Villeneuve,20
58,Rossignols,21
58,La Vimona,21
58,St-Laurent,22
58,Méroc,22
58,Le Parc,23
58,Mairie Villeneuve Tolosane,23
58,Eglise Villeneuve,24
58,Méditerranée,24
58,Rossignols,25
58,Bel Air,25
58,St-Laurent,26
58,Chêne Vert,26
58,Pyrénées,27
58,Le Parc,27
58,Jean Jaurès,28
58,Méditerranée,28
58,Bel Air,29
58,Vitarelles,29
58,Victor Hugo,30
58,Chêne Vert,30
58,Pyrénées,31
58,Bergeaud,31
58,Mairie Seysses,32
58,Jean Jaurès,32
58,Forgues,33
58,Vitarelles,33
58,Victor Hugo,34
58,Cazeneuve,34
58,Seysses Gay,35
58,Bergeaud,35
58,Mairie Seysses,36
58,Seysses Gay,36
58,Marie Curie,37
58,Forgues,37
58,ZI La Piche,38
58,Cazeneuve,38
58,Seysses Gay,39
58,Centre de Détention,39
58,Seysses Maison d'Arrêt,39
58,Centre de Détention,40
58,Père Brottier,40
58,Seysses Gay,40
58,Charles de Gaulle,41
58,Père Brottier,41
58,Marie Curie,41
58,ZI La Piche,42
58,Charles de Gaulle,42
58,Douzans,42
58,Vincent Auriol,43
58,Centre de Détention,43
58,Douzans,43
58,Vincent Auriol,44
58,Europe,44
58,Père Brottier,44
58,Europe,45
58,Charles de Gaulle,45
58,Del Pujol,45
58,Firmin Magne,46
58,Del Pujol,46
58,Douzans,46
58,Vincent Auriol,47
58,Firmin Magne,47
58,De Lattre de Tassigny,47
58,Séro,48
58,De Lattre de Tassigny,48
58,Europe,48
58,Del Pujol,49
58,Séro,49
58,Niel,49
58,Gaston Bonheur,50
58,Firmin Magne,50
58,Niel,50
58,Gaston Bonheur,51
58,Collège Bétance,51
58,De Lattre de Tassigny,51
58,Séro,52
58,Collège Bétance,52
58,Muret Lycée,52
58,Niel,53
58,Muret Lycée,53
58,Gaston Bonheur,54
58,Collège Bétance,55
58,Muret Lycée,56
59,Lycée Toulouse-Lautrec,1
59,La Vache,1
59,Pader,2
59,La Vache,2
59,Halles du Sud-Ouest,3
59,Pader,3
59,Halles du Sud-Ouest,4
59,Etats-Unis Fondeyre,4
59,Glacière,5
59,Etats-Unis Fondeyre,5
59,Glacière,6
59,Cadène,6
59,Cadène,7
59,Rupé,7
59,Rupé,8
59,Salvador Allende,8
59,Salvador Allende,9
59,Marie Curie,9
59,Marie Curie,10
59,Lacourtensourt Gare SNCF,10
59,Auguste Gratian,11
59,Lacourtensourt Gare SNCF,11
59,Plaine,12
59,Auguste Gratian,12
59,St-Gobain,13
59,Plaine,13
59,St-Gobain,14
59,Mazurié,14
59,Mazurié,15
59,Sers,15
59,Ctre Cial Fenouillet,16
59,Sers,16
59,Tournelle,17
59,Ctre Cial Fenouillet,17
59,Clos,18
59,Tournelle,18
59,Clos,19
59,Languedoc,19
59,Languedoc,20
59,Rey,20
59,Jean Jaurès,21
59,Rey,21
59,Mairie Fenouillet,22
59,Jean Jaurès,22
59,Mairie Fenouillet,23
59,Billières,23
59,Gourgues,24
59,Billières,24
59,Eglise Fenouillet,25
59,Gourgues,25
59,Fenouillet Croix,26
59,Eglise Fenouillet,26
59,Fenouillet Croix,27
59,Montplaisir,27
59,Château,28
59,Montplaisir,28
59,Château,29
59,Gagnac Acacias,29
59,Chêne Vert,30
59,Gagnac Acacias,30
59,République,31
59,Espace Garonne,31
59,Chêne Vert,31
59,Espace Garonne,32
59,Vieux Moulin,32
59,Eglise Gagnac,32
59,Voie Romaine,33
59,Eglise Gagnac,33
59,Hire,33
59,Chêne Vert,33
59,Hire,34
59,Gagnac Acacias,34
59,Albefeuille,34
59,Moulin,34
59,Albefeuille,35
59,Oustalet,35
59,Beauté,35
59,St-Jean,36
59,Turret,36
59,Beauté,36
59,Lespinasse Mairie,37
59,Turret,37
59,Amandiers,37
59,Amandiers,38
59,Lespinasse Viguerie,38
59,Voie Romaine,38
59,Moulin,39
59,Voie Romaine,39
59,Moulin,40
59,Oustalet,40
59,St-Jean,41
59,Oustalet,41
59,Lespinasse Mairie,42
59,St-Jean,42
59,Lespinasse Viguerie,43
59,Lespinasse Mairie,43
59,Lespinasse Viguerie,44
60,Lycée Toulouse-Lautrec,1
60,La Vache,1
60,Pader,2
60,La Vache,2
60,Pader,3
60,Pont de la Vache,3
60,Collège Lalande,4
60,Pont de la Vache,4
60,Collège Lalande,5
60,Riché Lalande,5
60,Riché Lalande,6
60,Lapin,6
60,Lapin,7
60,Roubiéchou,7
60,Lapparou,8
60,Roubiéchou,8
60,Gaussen,9
60,Lapparou,9
60,Gaussen,10
60,Salvy,10
60,Eglise Aucamville,11
60,Salvy,11
60,Eglise Aucamville,12
60,Mairie Aucamville,12
60,Mairie Aucamville,13
60,Favasse,13
60,Favasse,14
60,Payen,14
60,Aucamville Collège,15
60,Payen,15
60,Aucamville Collège,16
60,Raude Lauzette,16
60,Mariel,17
60,Raude Lauzette,17
60,Musiciens,18
60,Mariel,18
60,Violettes,19
60,Musiciens,19
60,Violettes,20
60,Ecole St-Alban,20
60,Mairie St-Alban,21
60,Ecole St-Alban,21
60,Mairie St-Alban,22
60,Sables,22
60,Sables,23
60,Egalité,23
60,Tilleuls,24
60,Egalité,24
60,Tilleuls,25
60,Ctre Cial St-Alban,25
60,Ctre Cial St-Alban,26
60,Pont Vieil,26
60,Mairie Castelginest,27
60,Pont Vieil,27
60,Mairie Castelginest,28
60,Pradelle,28
60,Pradelle,29
60,Tour Totier,29
60,Tour Totier,30
60,Vignes,30
60,Graves,31
60,Vignes,31
60,Graves,32
60,Les Capitelles,32
60,Ecole Castelginest,33
60,Les Capitelles,33
60,Millet,34
60,Ecole Castelginest,34
60,Millet,35
60,Moissons,35
60,Moissons,36
60,Castelginest Buffebiau,36
60,Castelginest Buffebiau,37
61,Lycée Toulouse-Lautrec,1
61,Trois Cocus,1
61,Claude Bernard,2
61,Trois Cocus,2
61,Claude Bernard,3
61,Van Dyck,3
61,Rigal,4
61,Van Dyck,4
61,Rigal,5
61,Baron,5
61,Baron,6
61,Rispet,6
61,Sarah Bernhardt,7
61,Rispet,7
61,Sarah Bernhardt,8
61,Croix Bénite,8
61,Croix Bénite,9
61,Turlu,9
61,Ch. des Izards,10
61,Turlu,10
61,Ch. des Izards,11
61,Moulis,11
61,Launaguet Nobles,12
61,Moulis,12
61,Fourquets,13
61,Launaguet Nobles,13
61,Fourquets,14
61,Gendarmerie,14
61,Gendarmerie,15
61,Mairie Launaguet,15
61,Mairie Launaguet,16
61,Chalets,16
61,Chalets,17
61,Mirabelles,17
61,Renée Aspe,18
61,Mirabelles,18
61,Rond-point Chalets,19
61,Renée Aspe,19
61,Ctre Cial,20
61,Rond-point Chalets,20
61,Grazidou,20
61,Esparcette,21
61,Grazidou,21
61,Clotildes,21
61,Mermoz,22
61,Clotildes,22
61,Peyrandrieu,22
61,Vendanges,23
61,Peyrandrieu,23
61,Turtelle,23
61,Fonbeauzard Mairie,24
61,Bellevue,24
61,Turtelle,24
61,Pechbonnieu Mairie,24
61,Fonbeauzard Mairie,25
61,Bellevue,25
61,Panchaud,25
61,Mimosas,25
61,Pechbonnieu Mairie,25
61,Pechbonnieu Mairie,26
61,Mimosas,26
61,Panchaud,26
61,Bonnecarrère,26
61,Collège Pechbonnieu,27
61,Pechbonnieu Mairie,27
61,Pins,27
61,Bonnecarrère,27
61,8 mai 1945,28
61,Collège Pechbonnieu,28
61,Pins,28
61,Puntous,28
61,8 mai 1945,29
61,Puntous,29
61,Roche,29
61,Marigny,29
61,Marigny,30
61,Belaval,30
61,Cimetière Montberon,30
61,Roche,30
61,Belaval,31
61,Cimetière Montberon,31
61,St-Loup,31
61,Fontaine,31
61,Eglise Montberon,32
61,Fontaine,32
61,St-Loup,32
61,Montberon,33
61,Eglise Montberon,33
61,Montberon,34
62,Ramonville,1
62,Collège André Malraux,2
62,8 mai 1945,3
62,Ramonville Sud,4
62,Complexe Agricole,5
62,Moulin Armand,6
62,Grand Chemin,7
62,Peupliers,8
62,INRA,9
62,Les Genêts,10
62,Fontanelles,11
62,Artaud,12
62,Verte Prairie,13
62,Castanet République,14
62,Blum,15
62,Pinsons,16
62,Peries,17
62,Castanet-Tolosan,18
63,Tournefeuille Lycée,1
63,Petit Train,2
63,Bordeneuve,3
63,Collège Labitrie,4
63,Alpilles,5
63,Périgord,6
63,St-Pierre,7
63,Provence,8
63,Languedoc,9
63,Les Chênes,10
63,Clément Ader,11
63,Vercors,12
63,Gabriel Fauré,13
63,Maillol,14
63,Esplanade des Ramassiers,15
63,Colomiers Ramassiers Gare SNCF,16
63,Page,17
63,Caulet,18
63,Fontaine,19
63,A320,20
63,Aneto,21
63,Passerelle Airbus,22
63,Crabe,23
63,Bouriette,24
63,Bertier,25
63,Bisson,26
63,Flambère,27
63,Ctre Cial Purpan Sud,28
63,Hôpital Purpan,29
63,Ponts Jumeaux,30
63,Canal de Brienne,31
63,Barcelone Leclerc,32
63,Leclerc,33
63,Compans-Caffarelli,34
65,Arènes,1
65,Clinique Pasteur,2
65,Roquemaurel,3
65,Av. de Lombez,4
65,Hippodrome,5
65,Brombach,6
65,Pont Rocade,7
65,Teynier,8
65,Tissié,9
65,Centre Aéré,10
65,Eglise Lardenne,11
65,Catala,12
65,Lardenne,13
65,Lardenne Barigoude,14
65,Montagné,15
65,Pont du Touch,16
65,Briqueterie,17
65,St-Exupéry,18
65,Ramelet Moundi,18
65,Ctre Cial Tournefeuille,19
65,Castell,19
65,Ramelet Moundi,19
65,Alphonse Daudet,20
65,St-Exupéry,20
65,Cimetière Tournefeuille,20
65,Montjoie,21
65,Ctre Cial Tournefeuille,21
65,Cité du Parc,21
65,Alphonse Daudet,22
65,Les Chênes,22
65,Résistance,22
65,Gaston Doumergue,23
65,Montjoie,23
65,Eglise Tournefeuille,23
65,Les Chênes,24
65,Résidence d'Oc,24
65,Adour,24
65,Route de Tarbes,25
65,Touch,25
65,Gaston Doumergue,25
65,Général Leclerc,26
65,Tilleuls,26
65,Adour,26
65,Collège Labitrie,27
65,Amandier,27
65,Route de Tarbes,27
65,Bordeneuve,28
65,Général Leclerc,28
65,Catalpas,28
65,Collège Labitrie,29
65,Petit Train,29
65,Noisetiers,29
65,Sapins,30
65,Tournefeuille Lycée,30
65,Bordeneuve,30
65,Mirabeau,30
65,Collège Labitrie,31
65,Petit Train,31
65,Mirabeau,31
65,Bernadet,31
65,Bordeneuve,32
65,Mirabeau,32
65,Bernadet,32
65,Loti,32
65,Petit Train,33
65,Bernadet,33
65,Estujats,33
65,Loti,33
65,Tournefeuille Lycée,34
65,Mirabeau,34
65,Estujats,34
65,Loti,34
65,Pécheurs,34
65,Mirabeau,35
65,Estujats,35
65,Bernadet,35
65,Juncasse,35
65,Pécheurs,35
65,Loti,36
65,Pécheurs,36
65,Plaisance Accueil,36
65,Juncasse,36
65,Bernadet,36
65,Estujats,37
65,Loti,37
65,Plaisance Accueil,37
65,Capelles,37
65,Juncasse,37
65,Estujats,38
65,Capelles,38
65,Pécheurs,38
65,Plaisance Accueil,38
65,Fauvettes,38
65,Pécheurs,39
65,Fauvettes,39
65,Juncasse,39
65,Casse,39
65,Capelles,39
65,Casse,40
65,Rouch,40
65,Fauvettes,40
65,Juncasse,40
65,Plaisance Accueil,40
65,Casse,41
65,Rouch,41
65,Capelles,41
65,Plaisance Monestié,41
65,Plaisance Accueil,41
65,Capelles,42
65,Fauvettes,42
65,Plaisance Monestié,42
65,Rouch,42
65,Plaisance Monestié,43
65,Fauvettes,43
65,Casse,43
65,Casse,44
65,Rouch,44
65,Rouch,45
65,Plaisance Monestié,45
65,Plaisance Monestié,46
66,Pelletier Purpan,1
66,Ctre Cial Purpan Est,2
66,Arènes Romaines,3
66,Ancely,4
66,Charolais,5
66,Cauterets,6
66,Gériatrie,7
66,Hôpital des Enfants,8
66,Ducis,9
66,Foyer Toulousain,10
66,Murillo,11
66,Talazac,12
66,Souffron,13
66,Dufaur de Pibrac,14
66,Braves,15
66,Fontaines,16
66,Barrière de Bayonne,17
66,Patte d'Oie,18
66,Roguet,19
66,St Cyprien - République,20
66,St Cyprien - Répub. Plce Int.,21
66,St Cyprien - République,21
67,Arènes,1
67,Clinique Pasteur,2
67,Roquemaurel,3
67,Av. de Lombez,4
67,Hippodrome,5
67,Brombach,6
67,Pont Rocade,7
67,Les Tourelles,8
67,Vitarelles,9
67,Châtaigniers,10
67,Molette,11
67,Villèle,12
67,Mazaygues,13
67,Corneillan,14
67,Ardennes,15
67,Ferro Lèbres,16
67,Grynfogel,17
67,Ramelet Moundi,18
67,Prat,19
67,Cabanon,20
67,Domaine,21
67,Cascade,22
67,Sources,23
67,Bois Joli,24
67,Petit Marquis,25
67,Marquisat,26
67,Brunet Faure,27
67,Pont,28
67,Charlas,29
67,Parc de Campagne,30
67,Jules Verne,31
67,Jonquilles,32
67,Montaigne,33
67,Maison de Retraite,34
67,Plaisance Accueil,35
67,Capelles,36
67,Fauvettes,37
67,Casse,38
67,Rouch,39
67,Plaisance Monestié,40
69,Lycée Toulouse-Lautrec,1
69,La Vache,1
69,La Vache,2
69,Pader,2
69,Pont de la Vache,3
69,Pader,3
69,Pont de la Vache,4
69,Collège Lalande,4
69,Collège Lalande,5
69,Riché Lalande,5
69,Lapin,6
69,Riché Lalande,6
69,Roubiéchou,7
69,Lapin,7
69,Roubiéchou,8
69,Lapparou,8
69,Lapparou,9
69,Gaussen,9
69,Gaussen,10
69,Salvy,10
69,Salvy,11
69,Eglise Aucamville,11
69,Eglise Aucamville,12
69,Mairie Aucamville,12
69,Mairie Aucamville,13
69,Favasse,13
69,Favasse,14
69,Payen,14
69,Aucamville Collège,15
69,Payen,15
69,Aucamville Collège,16
69,Raude Lauzette,16
69,Mariel,17
69,Raude Lauzette,17
69,Mariel,18
69,Musiciens,18
69,Peyronnette,18
69,Musiciens,19
69,Jules Verne,19
69,Violettes,19
69,Peyronnette,19
69,Jules Verne,20
69,Ecole St-Alban,20
69,Violettes,20
69,Pont Vieil,20
69,Ecole St-Alban,21
69,Mairie St-Alban,21
69,Pont Vieil,21
69,Mairie Castelginest,21
69,Mairie St-Alban,22
69,Pradelle,22
69,Mairie Castelginest,22
69,Acacias,22
69,Bertrand,23
69,Acacias,23
69,Pradelle,23
69,Prairie,23
69,Pont Rouge,24
69,Bertrand,24
69,Barthe,24
69,Prairie,24
69,Gamouna,25
69,Barthe,25
69,St-Pierre,25
69,Pont Rouge,25
69,Gamouna,26
69,St-Pierre,26
69,Ecole Bruguières,26
69,Barry,26
69,Ecole Bruguières,27
69,Barry,27
69,Bruguières Mairie,27
69,Garenne,27
69,Bruguières Mairie,28
69,Hortensias,28
69,Garenne,28
69,Vignemale,28
69,Vignemale,29
69,Pic du Midi,29
69,Hortensias,29
69,Bruguet,29
69,Coubertin,30
69,Acacias,30
69,Pic du Midi,30
69,Bruguet,30
69,Coubertin,31
69,Acacias,31
69,Maurys,31
69,Bruguières,31
69,Bruguières,32
69,Mairie Gratentour,32
69,Maurys,32
69,Vieille Côte,33
69,Mairie Gratentour,33
69,Vieille Côte,34
69,Champ del Rey,34
69,Champ del Rey,35
69,Gratentour Gravette,35
69,Gratentour Gravette,36
70,Jeanne d'Arc,1
70,Concorde,2
70,A. Bernard,3
70,Pont des Minimes,4
70,Canal du Midi,5
70,Passerelle Haedens,6
70,Pont du Béarnais,7
70,ZAC Ponts Jumeaux,8
70,Suisse,9
70,Schubert,10
70,Gayral,11
70,Stade E. Wallon,12
70,Bimes,13
70,Parc 7 Deniers,14
70,Marly,15
70,Monastère,16
70,Soeurs,17
70,Croix Blanche,18
70,Mairie Blagnac,19
70,Bûches,20
70,Place du Relais,21
70,Gauguin,22
70,De Gaulle,23
70,Tonneliers,24
70,Buxtehude,25
70,Andromède-Lycée,26
70,Stade Andromède,27
70,Coccinelles,28
70,Grillons,29
70,Hirondelles,30
70,Cigognes,31
70,Camélias,32
70,Marquette,33
70,Erables,34
70,Beau Soleil,35
70,Noisetiers,36
70,Ctre Cial Beauzelle,37
70,Juncassa,38
70,Aéroconstellation,39
72,Balma-Gramont,1
72,Carènes,2
72,Arènes Al Pechiou,3
72,Aérostiers,4
72,Edgar Quinet,5
72,Caraïbes,6
72,Eglise Balma,7
72,Route de Mons,8
72,Max Linder,9
72,Bernadotte,10
72,Cyprié,11
72,Aussire,12
72,Le Grand Bois,13
72,Collège Jean Rostand,14
72,Jasmin,15
72,Rimbaud,16
72,Lagarde,17
72,Clos Fleuri,18
72,Clos St-Martin,19
72,Ecole Balma,20
72,Gauguin,21
72,Cézanne,22
72,Balma Lasbordes,23
73,Borderouge,1
73,Lycée Raymond Naves,2
73,Ch. de Borderouge,2
73,Ebelot,3
73,Luchet,3
73,Théodore de Banville,4
73,Netwiller,4
73,Atlanta,5
73,St-Caprais,6
73,Bayonne,7
73,Lilas,8
73,Ctre Cial L'Union,8
73,Mimosas,9
73,Grive,9
73,Belle Hôtesse,10
73,Roses,10
73,Myosotis,11
73,Mirabelles,11
73,Coteaux,12
73,Hortensias,12
73,Ctre Cial L'Union,13
73,Bois de Saget,13
73,Clair Matin,14
73,Grive,14
73,Mairie St-Jean,15
73,Belle Hôtesse,15
73,Mirabelles,16
73,Eglise St-Jean,16
73,Ecole St-Jean,17
73,Coteaux,17
73,Tamaris,18
73,Bois de Saget,18
73,Clair Matin,19
73,Colette,19
73,Charmes,20
73,Mairie St-Jean,20
73,St-Jean Lestang,21
73,Eglise St-Jean,21
73,Ecole St-Jean,22
73,Tamaris,23
73,Colette,24
73,Charmes,25
73,St-Jean Lestang,26
74,Balma-Gramont,1
74,ZI Montredon,2
74,ZI Prat Gimont,2
74,D59,3
74,Vidailhan,3
74,Banque Populaire,4
74,Ratalens,4
74,ZI Montredon,5
74,Sausse,5
74,D59,6
74,Pasteur,6
74,Imbertis,7
74,Ratalens,7
74,Sausse,8
74,Stade,8
74,Pasteur,9
74,Blanqui,9
74,F. Mitterrand,10
74,Imbertis,10
74,Montrabé,11
74,Stade,11
74,Charlary,12
74,Blanqui,12
74,La Bisto,13
74,F. Mitterrand,13
74,Viste,14
74,Montrabé,14
74,Charlary,15
74,Moulin,15
74,Platanes,16
74,La Bisto,16
74,Viste,17
74,Château,17
74,Rouffiac-Tolosan,18
74,Moulin,18
74,Platanes,19
74,Château,20
74,Rouffiac-Tolosan,21
75,Argoulets,1
75,Lycée Raymond Naves,1
75,Pissebaque,1
75,Cambard,2
75,Théodore de Banville,2
75,Cammas,2
75,Atlanta,3
75,Vasseur,3
75,Rebel,3
75,Route d'Albi,4
75,St-Caprais,4
75,Ohnet,4
75,Val d'Aran,5
75,Truffaut,5
75,Caunes,5
75,Atlanta,6
75,Stade,6
75,Bidart,6
75,St-Caprais,7
75,Castelmaurou Mairie,7
75,Ronceveaux,7
75,Biarritz,8
75,Val d'Aran,8
75,Bidart,9
75,Montcalm,9
75,Ronceveaux,10
75,L'Union Somport,10
75,Biarritz,11
75,Ctre Cial L'Union,11
75,Montcalm,12
75,Grive,12
75,L'Union Somport,13
75,Belle Hôtesse,13
75,Ctre Cial L'Union,14
75,Mirabelles,14
75,Grive,15
75,Coteaux,15
75,Belle Hôtesse,16
75,Bois de Saget,16
75,Mirabelles,17
75,Clair Matin,17
75,Coteaux,18
75,Mairie St-Jean,18
75,Bois de Saget,19
75,Montrabé,19
75,Clair Matin,20
75,Charlary,20
75,La Bisto,21
75,Mairie St-Jean,21
75,Montrabé,22
75,Viste,22
75,Moulin,23
75,Charlary,23
75,Platanes,24
75,La Bisto,24
75,Viste,24
75,Château,25
75,Rouergue,25
75,Viste,25
75,Moulin,26
75,Rouffiac-Tolosan,26
75,Castelmaurou Mairie,26
75,Pissebaque,27
75,Platanes,27
75,Rouergue,27
75,Cammas,28
75,Château,28
75,Castelmaurou Mairie,28
75,Rebel,29
75,Rouffiac-Tolosan,29
75,Pissebaque,29
75,Cammas,30
75,Route d'Albi,30
75,Rouergue,30
75,Rebel,31
75,Truffaut,31
75,Castelmaurou Mairie,31
75,Pissebaque,32
75,Stade,32
75,Route d'Albi,32
75,Castelmaurou Mairie,33
75,Cammas,33
75,Truffaut,33
75,Rebel,34
75,Stade,34
75,Route d'Albi,35
75,Castelmaurou Mairie,35
75,Truffaut,36
75,Stade,37
75,Castelmaurou Mairie,38
75,Barbe d'Or,39
75,Le Fossat,40
75,Cabanis,41
75,Domaniaux,42
75,Barranquet,43
75,Cimetière Lapeyrouse,44
75,Mairie Lapeyrouse,45
75,Lapeyrouse,46
76,Argoulets,1
76,Cambard,2
76,Vasseur,3
76,Ohnet,4
76,Caunes,5
76,Atlanta,6
76,St-Caprais,7
76,Bayonne,8
76,Ctre Cial L'Union,9
76,Grive,10
76,Belle Hôtesse,11
76,Estaquebiau,12
76,Négrier,13
76,Jean Moulin,14
76,Harkis,15
76,Gymnase,16
76,Louradou,17
76,Ch. Castelviel,18
76,Quatre Coins,19
76,Barbe d'Or,20
76,Le Fossat,21
76,Cabanis,22
76,Domaniaux,23
76,Barranquet,24
76,Cimetière Lapeyrouse,25
76,Mairie Lapeyrouse,26
76,Lapeyrouse,27
77,Balma-Gramont,1
77,Carènes,2
77,Arènes Al Pechiou,3
77,Aérostiers,4
77,Saliège,5
77,Lagarde,6
77,Aérodrome,7
77,St Anne,8
77,Nollet,9
77,Ribaute,10
77,Montels,11
77,Pyrénées,12
77,Fonsegrives Centre,13
77,Lauragais,14
77,Fonsegrives Ginestière,15
77,Lauragais,16
77,Côteaux,17
77,Monplaisir,18
77,Fonsegrives Collège,19
78,Université Paul Sabatier,1
78,Fac Dentaire,2
78,Faculté de Pharmacie,3
78,IUT Rangueil,4
78,Champs Magnétiques,5
78,LAAS,6
78,ENAC,7
78,CNES- IAS,8
78,Clément Ader,9
78,Cosmonautes,10
78,St Louis du Sénégal,11
78,Malepère,12
78,Marcaissonne,13
78,Cayras,14
78,Catala,15
78,Gymnase,16
78,Ctre Cial St-Orens,17
78,Champs Pinsons,18
78,Fondargent,19
78,Galapagos,20
78,Iles,21
78,Saphirs,22
78,Chênaie,23
78,Beauvoir,24
78,Bernières,25
78,Lalande,26
78,Poste de St-Orens,27
78,Mairie St-Orens,28
78,Gameville,29
78,Labouilhe,30
78,Mûriers,30
78,St-Orens Eglise,31
78,Sophie Scholl,31
78,Clinique,32
78,St-Orens Eglise,32
78,Mûriers,33
78,Orée du Bois,33
78,Pins,34
78,Labouilhe,34
78,St-Orens Lycée,35
78,Sophie Scholl,35
78,Clinique,36
78,Orée du Bois,37
78,Pins,38
78,St-Orens Lycée,39
79,Ramonville,1
79,AFPA,2
79,Griffon,3
79,Château Madron,4
79,INP,5
79,Arts,6
79,Carmin,7
79,Commerce,8
79,Ctre Cial Labège,9
79,Prologue,10
79,Tolosane,11
79,Rostand,12
79,Village d'Entreprise,13
79,De Gennes,14
79,Cinéma Occitane,15
79,Campus de Bissy,16
79,Périgord,17
79,Rond-point Périgord,18
79,Beau Séjour,19
79,Payssière,20
79,Gare de Labège,21
79,Ctre Cial Autan,21
79,Occitanie,22
79,Chantecaille,22
79,Occitanie,23
79,Troubadours,23
79,Cousquille,24
79,Gare de Labège,24
79,Brassens,25
79,En Poutet,25
79,Fontaine du Laurier,26
79,Lauragais,26
79,Borde Haute,27
79,Tricou,27
79,Canteloup,28
79,Ctre Cial Escalquens,28
79,Labège Couder,29
79,Pastel,29
79,Eglise Escalquens,30
79,La Place,31
79,Ingine,32
79,Lesperous,33
79,Escalquens La Caprice,34
79,Piscine St-Orens,35
79,St-Orens Lycée,36
80,Rangueil,1
80,INSA,2
80,Herbettes,3
80,Aérodrome,4
80,Latécoère,5
80,Montaudran Gare SNCF,6
80,Gonin,7
80,Armentières,8
80,Payssat,9
80,Védrines,10
80,Rodier,11
80,Villet,12
80,Cosmonautes,13
80,St Louis du Sénégal,14
80,Malepère,15
80,Malepère,16
80,Ch. de Malepère,17
80,Monso,18
80,Grande Borde,19
80,Planck,20
80,Lalande,21
80,Labourgade,22
80,Bousquet,23
80,Route de Labège,24
80,Chêne Vert,25
80,Guiraudie-Aufève,26
80,Route de Castanet,27
80,Beau Séjour,28
80,Payssière,29
80,Ctre Cial Autan,30
80,Chantecaille,31
80,Troubadours,32
80,Cousquille,33
80,Sauzat,34
80,Bastié,35
80,Eglise Escalquens,36
80,Pastel,37
80,Ctre Cial Escalquens,38
80,A. Perdiguier,39
80,Lilas,40
80,Belberaud La Balme,41
80,Belberaud La Balme,42
81,Université Paul Sabatier,1
81,Clotasses,2
81,Parc St Agne,3
81,Lapeyrade,4
81,Poste de Ramonville,5
81,Mairie Ramonville,6
81,Pastourelles,7
81,Deux Ormeaux,8
81,Chaumière,9
81,Ramonville Sud,10
81,Complexe Agricole,11
81,Moulin Armand,12
81,Grand Chemin,13
81,Peupliers,14
81,Ecole Castanet,15
81,Mairie Castanet,16
81,Peries,17
81,Castanet-Tolosan,18
83,Balma-Gramont,1
83,Carènes,2
83,Arènes Al Pechiou,3
83,Aérostiers,4
83,Saliège,5
83,Lagarde,6
83,Aérodrome,7
83,St Anne,8
83,Nollet,9
83,Ribaute,10
83,Tournesols,11
83,Entiore,12
83,Malepère,13
83,Marcaissonne,14
83,Cayras,15
83,Catala,16
83,Gymnase,17
83,Ctre Cial St-Orens,18
83,Champs Pinsons,19
83,Marqueille,20
83,Cammas,21
83,Vallon,22
83,Partanaïs,23
83,Coustou,24
83,Querqueille,25
83,Carabènes,26
83,Place du Souvenir,27
83,St-Orens Eglise,28
83,Mûriers,29
83,Labouilhe,30
83,Sophie Scholl,31
83,Clinique,32
83,Orée du Bois,33
83,Pins,34
83,St-Orens Lycée,35
84,Balma-Gramont,1
84,Louis Renault,2
84,Vidailhan,3
84,Joseph Hubert,4
84,José Cabanis,5
84,Bicentenaire,6
84,Le Carral,7
84,Mapad,8
84,Arènes Al Pechiou,9
84,Aérostiers,10
84,Edgar Quinet,11
84,Caraïbes,12
84,Eglise Balma,13
84,La Tour,14
84,Jeux Floraux,15
84,Mairie Balma,16
84,Mallarmé,17
84,Cimetière Balma,18
84,Ecole Balma,19
84,Balma Lasbordes,20
87,Cité Scolaire Rive Gauche,1
87,Fronde,2
87,Molinier,3
87,Bibliothèque,4
87,Passerieu,5
87,Ecole Espagnole,6
87,Basso Cambo,7
87,Place Bouillière,8
87,Desnos,9
87,Talabot Sud,10
87,Charpy,11
87,Eglise St-Simon,12
87,Ch. Basso Cambo,13
87,Villenouvelle,14
87,Bayès,15
87,Coin Fermé,16
87,Diane,17
87,Glassière,18
87,Troubadours,19
87,Bourdettes,20
87,Bachecame Petit Jean,21
87,Cugnaux Henry Gladi,22
88,Ramonville,1
88,Bd F. Mitterrand,2
88,Clotasses,3
88,Université Paul Sabatier,4
88,Ducuing,5
88,Ducuing Ponsan,6
88,Vallon,7
88,CHR Rangueil,8
88,Vallon,9
88,Bourdette,10
88,Hôpital Larrey,11
89,Université Paul Sabatier,1
89,Clotasses,2
89,Bd F. Mitterrand,3
89,AFPA,4
89,Griffon,5
89,Château Madron,6
89,INP,7
89,Arts,8
89,Carmin,9
89,Commerce,10
89,Ctre Cial Labège,11
89,Prologue,12
89,Tolosane,13
89,Rostand,14
89,Village d'Entreprise,15
89,De Gennes,16
89,Cinéma Occitane,17
89,Campus de Bissy,18
89,Périgord,19
89,Rond-point Périgord,20
89,Beau Séjour,21
89,Payssière,22
89,Ctre Cial Autan,23
89,Chantecaille,24
89,Troubadours,25
89,Cousquille,26
89,En Poutet,27
89,Lauragais,28
89,Borde Haute,29
89,Ctre Cial Escalquens,30
89,Pastel,31
89,Eglise Escalquens,32
89,La Place,33
89,Ingine,34
89,Lesperous,35
89,Escalquens La Caprice,36
89,Piscine St-Orens,37
89,St-Orens Lycée,38
91,Cours Dillon,1
91,Pont Neuf,2
91,Esquirol,3
91,Boulbonne,4
91,François Verdier,5
91,Quartier Général,6
91,Grand Rond,7
91,Jardin des Plantes,8
91,Duméril,9
91,Busca,10
91,Rachou,11
91,Place Henry Russell,12
91,Aristote,13
91,Provence,14
91,Saouzelong,15
91,Pastourelles,16
91,Ecole Jules Julien,17
91,Libellules,18
91,Dugay Trouin,19
91,Pélude,20
91,Faculté de Pharmacie,21
91,Fac Dentaire,22
91,Pont Ducuing,23
91,Université Paul Sabatier,24
92,Cours Dillon,1
92,Pont Neuf,2
92,Esquirol,3
92,Boulbonne,4
92,François Verdier,5
92,Quartier Général,6
92,Grand Rond,7
92,Jardin des Plantes,8
92,Frizac,9
92,Demouilles,10
92,Crampel,11
92,Trois Fours,12
92,Dufour,13
92,Courrège,14
92,Cottages,15
92,Jean-Paul Laurens,16
92,Six Avril,17
92,Tahiti,18
92,Clinique Languedoc,19
92,Bajac,20
92,Lafaurie,21
92,Montaudran,22
92,Route de Revel,23
92,Malepère,24
93,Cours Dillon,1
93,Pont Neuf,2
93,Esquirol,3
93,Carmes,4
93,Salin-Parlement,5
93,Palais de Justice,6
93,Notre Dame,7
93,St-Michel - Marcel Langer,8
93,Récollets Daste,9
93,Stadium Est,10
93,Stadium Ouest,11
93,Croix de Pierre,12
93,Roc,13
93,Barrière de Muret,14
93,Orbesson,15
93,Bernadette,16
93,Touraine,17
93,Bordelongue,18
93,Cité des Combattants,19
93,Place des Glières,20
93,Cheverry,21
93,Rimont,22
93,Eisenhower,23
93,René Valmy,24
93,Camus,25
93,Pergaud,26
93,Place Bouillière,27
93,Basso Cambo,28
95,Marengo-SNCF,1
95,Riquet,2
95,Bachelier,3
95,Jean Jaurès,4
95,St-Georges,5
95,François Verdier,6
95,Place Dupuy,7
95,Périssé,8
95,Lanfant,9
95,Belle Paule,10
95,Leygue,11
95,Beau Soleil,12
95,Barrau,13
95,Glaïeuls,14
95,Langevin,15
95,Gers,16
95,Lartet,17
95,Aude,18
95,Corraze,19
95,Garin,20
95,Tahiti,21
95,Portillon,22
95,Bréguet,23
95,Lavidalie,24
95,Gonin,25
96,Cours Dillon,1
96,Pont Neuf,2
96,Esquirol,3
96,Boulbonne,4
96,François Verdier,5
96,St-Georges,6
96,Jean Jaurès,7
96,Victor Hugo,8
96,Jeanne d'Arc,9
96,Place Roquelaine,10
96,Pont Matabiau,11
96,Raynal,12
96,Arago,13
96,Eglise Bonnefoy,14
96,Av. de Lavaur,15
96,Ste-Hélène,16
96,Barrière de Croix-Daurade,17
96,Ste-Augustine,18
96,Roubichou,19
96,Amouroux,20
97,Université Paul Sabatier,1
97,Fac Dentaire,2
97,Faculté de Pharmacie,3
97,IUT Rangueil,4
97,Champs Magnétiques,5
97,LAAS,6
97,ENAC,7
97,CNES- IAS,8
97,Clément Ader,9
97,Cosmonautes,10
97,St Louis du Sénégal,11
97,Malepère,12
97,Marcaissonne,13
97,Cayras,14
97,Catala,15
97,Gymnase,16
97,Ctre Cial St-Orens,17
97,Champs Pinsons,18
97,Fondargent,19
97,Galapagos,20
97,Iles,21
97,Saphirs,22
97,Chênaie,23
97,Beauvoir,24
97,Bernières,25
97,Lalande,26
97,Poste de St-Orens,27
97,Mairie St-Orens,28
97,Gameville,29
97,Labouilhe,30
97,Sophie Scholl,31
97,Clinique,32
97,Orée du Bois,33
97,Pins,34
97,St-Orens Lycée,35
98,Université Paul Sabatier,1
98,Clotasses,2
98,Parc St Agne,3
98,Lapeyrade,4
98,Poste de Ramonville,5
98,Mairie Ramonville,6
98,Pastourelles,7
98,Deux Ormeaux,8
98,Chaumière,9
98,Ramonville Sud,10
98,Complexe Agricole,11
98,Moulin Armand,12
98,Grand Chemin,13
98,Peupliers,14
98,Ecole Castanet,15
98,Mairie Castanet,16
98,Peries,17
98,Castanet-Tolosan,18
99,Université Paul Sabatier,1
99,Ducuing,2
99,Ducuing Ponsan,3
99,Vallon,4
99,CHR Rangueil,5
